{"cameraMode":{"drawMode":0,"name":"Shaded","section":"Shading Mode"},"sceneLighting":true,"audioPlay":false,"sceneViewState":{"showFog":true,"showMaterialUpdate":false,"showSkybox":true,"showFlares":true,"showImageEffects":true,"showParticleSystems":true},"in2DMode":false,"pivot":{"x":140.33761596679688,"y":27.651887893676759,"z":41.52595138549805},"rotation":{"x":-0.006391923408955336,"y":-0.9898622035980225,"z":0.1338426023721695,"w":-0.0472559928894043},"size":22.0,"orthographic":true}